Isin;Name;LegalName;ProviderCompanyName;CategoryName;Currency;SRRI;TER;ManagementFee;InitialPurchase;Rent2026YTD;Rent2025;Rent2024;Rent2023;Rent2022;Volatilidad1A
IE00B706BP88;BNY MELLON ABSOLUTE RETUR;BNY MELLON ABSOLUTE RETURN BOND EURO S;BNY MELLON;RENTA FIJA EURO;EUR;2;0.63;0.5;5000000;0.68;2.74;8.01;7.11;1.1;1.3695
IE00B6YQBR91;BNY MELLON ABSOLUTE RETUR;BNY MELLON ABSOLUTE RETURN BOND USD T HEDGED;BNY MELLON;RENTA FIJA EURO;USD;2;0.63;0.5;5000000;4.22;-7.22;16.54;4.87;9.08;1.3803
IE00B23S7M59;BNY MELLON BRAZIL EQUITY;BNY MELLON BRAZIL EQUITY EURO EURO C;BNY MELLON;RENTA VARIABLE INTERNACIONAL;EUR;5;1.22;1;5000000;14.28;38.13;-19.97;20.43;8.71;24.3817
IE00B06YC548;BNY Mellon Emerging Marke;BNY MELLON EMERGING MARKETS DEBT EURO A;BNY MELLON;RENTA FIJA INTERNACIONAL;EUR;3;1.76;1.5;5000;3.73;-0.94;14.88;6.78;-12.29;5.476
IE00B06YC654;BNY MELLON EMERGING MARKE;BNY MELLON EMERGING MARKETS DEBT EURO C;BNY MELLON;RENTA FIJA INTERNACIONAL;EUR;3;1.26;1;5000000;4.1;-0.44;15.45;7.32;-11.86;5.4806
IE0032722484;BNY MELLON EUROLAND BOND;BNY MELLON EUROLAND BOND EURO C;BNY MELLON;RENTA FIJA EURO;EUR;2;0.65;0.5;5000000;-2.58;1.51;4.14;8.18;-16.53;3.7387
IE00BK5H8D49;BNY MELLON FLOATING RATE;BNY MELLON FLOATING RATE CREDIT FUND A ACC EUR;BNY MELLON;RENTA FIJA INTERNACIONAL;EUR;2;1.4;1.25;5000;1.96;3.86;7.05;;;1.5615
IE0003921727;BNY MELLON GLOBAL BOND EU;BNY MELLON GLOBAL BOND EURO A;BNY MELLON;RENTA FIJA INTERNACIONAL;EUR;3;1.14;1;5000;0.03;-5.8;2.05;-1.07;-11.36;3.9552
IE0003932385;BNY MELLON GLOBAL BOND EU;BNY MELLON GLOBAL BOND EURO C;BNY MELLON;RENTA FIJA INTERNACIONAL;EUR;3;0.64;0.5;5000000;0.35;-5.35;2.53;-0.63;-10.9;3.949
IE0003924739;BNY Mellon Global Bond Fu;BNY MELLON GLOBAL BOND USD A;BNY MELLON;RENTA FIJA INTERNACIONAL;USD;3;1.14;1;5610;0.01;-6.02;2.02;-0.94;-11.21;4.3646
IE0003932492;BNY MELLON GLOBAL BOND US;BNY MELLON GLOBAL BOND USD C;BNY MELLON;RENTA FIJA INTERNACIONAL;USD;3;0.64;0.5;5000000;0.37;-5.56;2.53;-0.43;-10.77;4.3659
IE0004086264;BNY MELLON GLOBAL OPPORTU;BNY MELLON GLOBAL OPPORTUNITIE A ACC USD;BNY MELLON;RENTA VARIABLE INTERNACIONAL;USD;4;2.25;2;5000;5.2;6.81;25.97;15.77;-17.6;13.4721
IE00B504KD93;BNY MELLON GLOBAL REAL RE;BNY MELLON GLOBAL REAL RETURN A ACC USD;BNY MELLON;GLOBAL;USD;3;1.66;1.5;5000;9.1;0.17;12.75;-1.49;-3.63;5.7419
LU2476274308;ALLIANZ CHINA FUTURE TECH;ALLIANZ CHINA FUTURE TECHNOLOGIES AT ACC USD;ALLIANZ/ PIMCO;RENTA VARIABLE INTERNACIONAL;USD;5;2.3;2.25;100;7.01;25.87;11.6;-9.06;;24.2067
LU2476274647;ALLIANZ CHINA FUTURE TECH;ALLIANZ CHINA FUTURE TECHNOLOGIES ATH2 ACC EUR HEDGED;ALLIANZ/ PIMCO;RENTA VARIABLE INTERNACIONAL;EUR;5;2.3;2.25;100;3.2;38.98;3.15;-8.22;;24.1897
LU0256881128;ALLIANZ EUROPE EQUITY GRO;ALLIANZ EUROPE EQUITY GROWTH IT EUR;ALLIANZ/ PIMCO;RENTA VARIABLE EURO;EUR;5;0.96;0.95;4000000;1.25;-4.87;0.72;21.29;-30.03;15.9382
LU1931536152;ALLIANZ PET AND ANIMAL WE;ALLIANZ PET AND ANIMAL WELLBEI AT ACC EUR HEDGED;ALLIANZ/ PIMCO;RENTA VARIABLE INTERNACIONAL;EUR;4;2.1;2.35;100;-10.94;-4.81;-5.33;7.5;-33.48;14.7581
LU2066004206;ALLIANZ STRATEGIC BOND AT;ALLIANZ STRATEGIC BOND AT-H2 ACC EUR HEDGED;ALLIANZ/ PIMCO;RENTA FIJA INTERNACIONAL;EUR;3;1.16;1.3;100;-3.07;2.56;-8.29;-6.51;-17.66;3.2498
LU2105731785;ALLIANZ STRATEGY 15 AT AC;ALLIANZ STRATEGY 15 AT ACC USD HEDGED;ALLIANZ/ PIMCO;RENTA FIJA MIXTA EURO;USD;2;1.3;1.4;100;2.93;-7.57;12.09;3.76;-7.28;3.3913
LU2105731942;ALLIANZ STRATEGY 50 AT AC;ALLIANZ STRATEGY 50 AT ACC USD HEDGED;ALLIANZ/ PIMCO;RENTA VARIABLE MIXTA INTERNACIONAL;USD;3;1.39;1.5;100;6.74;-4.21;17.88;11.15;-10.28;6.8046
LU2105732163;ALLIANZ STRATEGY 75 AT AC;ALLIANZ STRATEGY 75 AT ACC USD HEDGED;ALLIANZ/ PIMCO;RENTA VARIABLE MIXTA INTERNACIONAL;USD;3;1.55;2.3;100;10.57;-1.69;21.7;16.54;-11.66;10.0322
LU1981791327;ALLIANZ THEMATICA AT ACC;ALLIANZ THEMATICA AT ACC EUR;ALLIANZ/ PIMCO;RENTA VARIABLE INTERNACIONAL;EUR;4;1.95;2.05;100;9.13;-1.57;8.39;11.13;-16.22;11.913
LU1363153740;ALLIANZ US SHORT DURATION;ALLIANZ US SHORT DURATION HIGH INCOME BOND AT USD;ALLIANZ/ PIMCO;RENTA FIJA INTERNACIONAL;USD;2;1.34;1.29;100;3.54;-12.04;16.23;8.43;-0.94;2.2904
LU1363153823;Allianz US Short Duration;ALLIANZ US SHORT DURATION HIGH INCOME BOND AT-H2 ACC EUR HEDGED;ALLIANZ/ PIMCO;RENTA FIJA INTERNACIONAL;EUR;2;1.34;1.29;100;-0.02;-2.59;7.6;9.94;-8.68;2.256
LU1282651634;ALLIANZ US SHORT DURATION;ALLIANZ US SHORT DURATION HIGH INCOME BOND IT USD;ALLIANZ/ PIMCO;RENTA FIJA INTERNACIONAL;USD;2;0.71;0.7;4000000;4;-11.48;16.97;9.07;-0.22;2.2909
IE00B1CL3W09;PIMCO COMMODITY REAL RETU;PIMCO COMMODITY REAL RETURN INV ACC USD;ALLIANZ/ PIMCO;GLOBAL;USD;4;1.09;2.5;1000000;37.15;3.72;10.12;-11.25;17.33;16.5829
IE00B120J296;PIMCO DIVERSIFIED INCOME;PIMCO DIVERSIFIED INCOME INV ACC EUR HEDGED;ALLIANZ/ PIMCO;RENTA FIJA INTERNACIONAL;EUR;2;1.04;2.5;1000000;-0.4;7.62;4.66;6.69;-18.59;3.9593
IE00B3MQX419;PIMCO GIS UNCONSTRAINED B;PIMCO DYNAMIC BOND INV ACC USD;ALLIANZ/ PIMCO;RENTA FIJA INTERNACIONAL;USD;2;1.25;2.5;1000000;2.42;-4.18;12.86;3.17;-2.72;3.6296
IE00B3QDZQ43;PIMCO GIS UNCONSTRAINED B;PIMCO DYNAMIC BOND INV EUR HDG ACC;ALLIANZ/ PIMCO;RENTA FIJA INTERNACIONAL;EUR;2;1.25;2.5;1000000;-1.11;5.99;4.55;4.55;-10.24;3.6173
IE00B5ZW6Z28;PIMCO EMERGING LOCAL BOND;PIMCO EMERGING LOCAL BOND E EUR;ALLIANZ/ PIMCO;RENTA FIJA INTERNACIONAL;EUR;3;1.89;2.5;1000;4.5;7.43;5.08;10.86;-1.39;5.6902
IE00B3DD5N41;PIMCO EMERGING LOCAL BOND;PIMCO EMERGING LOCAL BOND E USD ACC;ALLIANZ/ PIMCO;RENTA FIJA INTERNACIONAL;USD;3;1.89;1.89;1000;4.57;7.76;4.85;10.76;-1.77;8.8263
IE00B4YSN088;PIMCO EMERGING LOCAL BOND;PIMCO EMERGING LOCAL BOND INV USD ACC;ALLIANZ/ PIMCO;RENTA FIJA INTERNACIONAL;USD;3;1.24;2.5;1000000;5.02;8.52;5.49;11.42;-1.07;8.7929
IE0005304773;PIMCO EURO BOND INV ACC E;PIMCO EURO BOND INV ACC EUR;ALLIANZ/ PIMCO;RENTA FIJA EURO;EUR;3;0.81;2.5;1000000;-2.34;2.45;2.41;7.46;-17.7;4.175
IE00BWGCDT37;PIMCO GIS Income Fund;PIMCO GIS INCOME INV ACC EUR HEDGED;ALLIANZ/ PIMCO;RENTA FIJA INTERNACIONAL;EUR;2;0.9;2.5;1000000;-1.81;7.89;3.32;5.83;-10;4.4103
IE00B98CPZ00;PIMCO GIS INCOME INV DIST;PIMCO GIS INCOME INV DIST USD;ALLIANZ/ PIMCO;RENTA FIJA INTERNACIONAL;USD;2;0.9;2.5;1000000;-2.4;-8.28;5;-1.82;-7.1;4.7359
IE00B05QM511;PIMCO GLOBAL BOND INV EUR;PIMCO GLOBAL BOND INV ACC EUR HEDGED;ALLIANZ/ PIMCO;RENTA FIJA INTERNACIONAL;EUR;2;1;0.49;1000000;-2.87;4.17;2.05;5.34;-13.52;4.151
IE00B566G866;PIMCO GLOBAL HIGH YIELD B;PIMCO GLOBAL HIGH YIELD BOND INV ACC EUR HEDGED;ALLIANZ/ PIMCO;RENTA FIJA INTERNACIONAL;EUR;2;0.9;2.5;1000000;-0.08;5.56;5.54;10.19;-12.6;2.8173
IE00B063CF11;PIMCO GLOBAL INVESTMENT G;PIMCO GLOBAL INVESTMENT GRADE CREDIT INV ACC EUR HEDGED;ALLIANZ/ PIMCO;RENTA FIJA INTERNACIONAL;EUR;2;0.84;0.49;1000000;-1.88;4.87;2.37;6.43;-17.66;4.1289
IE00B11XZ541;PIMCO GLOBAL REAL RETURN;PIMCO GLOBAL REAL RETURN E ACC EUR HEDGED;ALLIANZ/ PIMCO;RENTA FIJA INTERNACIONAL;EUR;3;1.39;2.5;1000;-1.63;3.23;-2.15;1.61;-18.86;4.0752
IE00B11XZ657;PIMCO GLOBAL REAL RETURN;PIMCO GLOBAL REAL RETURN E ACC USD;ALLIANZ/ PIMCO;RENTA FIJA INTERNACIONAL;USD;3;1.39;2.5;1000;1.94;-6.83;5.87;0.27;-11.8;4.0566
IE0034350524;PIMCO GLOBAL REAL RETURN;PIMCO GLOBAL REAL RETURN INV ACC EUR HEDGED;ALLIANZ/ PIMCO;RENTA FIJA INTERNACIONAL;EUR;3;0.84;0.49;1000000;-1.24;3.82;-1.67;2.24;-18.42;4.1086
IE0033591961;PIMCO GLOBAL REAL RETURN;PIMCO GLOBAL REAL RETURN INV ACC USD;ALLIANZ/ PIMCO;RENTA FIJA INTERNACIONAL;USD;3;0.84;0.49;1000000;2.34;-6.31;6.42;0.87;-11.31;4.0775
IE00B4WVMF73;PIMCO TOTAL RETURN BOND A;PIMCO TOTAL RETURN BOND A ACC EUR HEDGED;ALLIANZ/ PIMCO;RENTA FIJA INTERNACIONAL;EUR;3;1;2.5;1000000;-2.5;6.58;0.53;3.32;-17.63;4.4097
IE0005300243;PIMCO TOTAL RETURN BOND I;PIMCO TOTAL RETURN BOND INV ACC USD;ALLIANZ/ PIMCO;RENTA FIJA INTERNACIONAL;USD;3;0.85;2.5;1000000;1.14;-3.64;8.98;2.24;-10.34;4.4819
IE0032593158;PIMCO US HIGH YIELD BOND;PIMCO US HIGH YIELD BOND INV ACC EUR HEDGED;ALLIANZ/ PIMCO;RENTA FIJA INTERNACIONAL;EUR;2;0.9;2.5;1000000;-0.46;6.28;5.98;9.95;-14.56;3.1951
LU0463469048;SCHRODER GAIA EGERTON EQU;SCHRODER GAIA EGERTON EQUITY A ACC EUR;SCHRODER;RENTA VARIABLE INTERNACIONAL;EUR;3;2.41;2;10000;0.39;18.21;20;12.69;-13.86;11.4128
LU0548376150;SCHRODER GAIA EGERTON EQU;SCHRODER GAIA EGERTON EQUITY A ACC USD HEDGED;SCHRODER;RENTA VARIABLE INTERNACIONAL;USD;4;2.44;2;10000;3.56;6.99;29.15;11.06;-6.03;11.3767
LU1223082196;SCHRODER GLOBAL GOLD A US;SCHRODER GLOBAL GOLD A USD ACC;SCHRODER;RENTA VARIABLE INTERNACIONAL;USD;6;1.83;1.5;1000;14.35;158.29;24.34;9.51;-6.62;47.3459
LU0232931963;SCHRODER ISF BRIC A ACC E;SCHRODER INTERNATIONAL SELECTION FUND BIC A ACC EUR;SCHRODER;RENTA VARIABLE INTERNACIONAL;EUR;4;1.83;1.5;1000;-7.7;9.66;16.21;-10.19;-18.22;13.8032
LU1831875114;SCHRODER ISF ALL CHINA EQ;SCHRODER ISF ALL CHINA EQUITY A ACC USD;SCHRODER;RENTA VARIABLE INTERNACIONAL;USD;5;1.84;1.5;1000;-5.33;15.9;8.57;-20.32;-16.7;18.4636
LU0177592218;SCHRODER ISF EMERGING MAR;SCHRODER ISF EMERGING MARKETS DEBT TOTAL RETURN A EUR ACC;SCHRODER;RETORNO ABSOLUTO;EUR;3;1.9;1.5;1000;1.48;10.85;-3.3;8.71;-12.08;6.7532
LU0106253197;SCHRODER ISF EMERGING MAR;SCHRODER ISF EMERGING MARKETS DEBT TOTAL RETURN A USD ACC;SCHRODER;RETORNO ABSOLUTO;USD;3;1.87;1.5;1000;5.32;0.29;4.75;7.43;-4.31;6.7639
LU0999521056;SCHRODER EURO EQUITY A US;SCHRODER ISF EURO EQUITY A USD HDG ACC;SCHRODER;RENTA VARIABLE EURO;USD;4;1.87;1.5;1000;12.25;9.88;21.39;4.16;-7.08;13.7233
LU1737068558;SCHRODER ISF GLOBAL CREDI;SCHRODER ISF GLOBAL CREDIT INCOME A USD ACC;SCHRODER;RENTA FIJA INTERNACIONAL;USD;2;1.38;1.1;1000;2.02;-4.3;12.93;5.73;-7.28;2.8097
LU0189894842;SCHRODER ISF GLOBAL HIGH;SCHRODER ISF GLOBAL HIGH YIELD A ACC EUR HEDGED;SCHRODER;RENTA FIJA INTERNACIONAL;EUR;2;1.32;1;1000;1.43;5.09;6.75;10.57;-14.23;2.8128
LU0106238719;SCHRODER ISF ITALIAN EQUI;SCHRODER ISF ITALIAN EQUITY A EUR ACC;SCHRODER;RENTA VARIABLE EURO;EUR;4;1.6;1.25;1000;16.92;35.48;16.91;23.45;-14.48;14.949
LU0323591833;SCHRODER ISF QEP GLOBAL Q;SCHRODER ISF QEP GLOBAL QUALITY A ACC EUR;SCHRODER;RENTA VARIABLE INTERNACIONAL;EUR;4;1.59;1.25;1000;14.42;6.94;21;10.91;-11.06;10.2573
LU0149524034;SCHRODER ISF SWISS SMALL;SCHRODER ISF SWISS SMALL & MID CAP EQUITY A ACC CHF;SCHRODER;RENTA VARIABLE INTERNACIONAL;CHF;4;1.84;1.5;1000;2.88;11.66;-0.86;9.93;-22.11;12.9635
DE0009769851;DWS HEALTH CARE TYP O NC;DWS HEALTHY LIVING NC ACC EUR;DWS INVESTMENTS;RENTA VARIABLE MIXTA INTERNACIONAL;EUR;4;1.7;1.7;100;-3.64;-9.74;6.01;-3.99;-2.4;13.2431
LU0179220255;DEUTSCHE CONVERTIBLES NC;DWS INVEST CONVERTIBLES NC;DWS INVESTMENTS;RENTA FIJA INTERNACIONAL;EUR;3;1.76;1.5;100;4.98;8.72;4.17;3.6;-17.66;9.7535
LU0273165570;DWS INVEST GOLD AND PRECI;DWS INVEST GOLD AND PRECIOUS METALS LC USD ACC;DWS INVESTMENTS;RENTA VARIABLE INTERNACIONAL;USD;6;1.61;1.5;100;13.59;136.05;22.75;-0.02;-5.14;47.5958
LU0781237614;DEUTSCHE INVEST II EUROPE;DWS INVEST II ESG EUROPEAN TOP DIVIDEND LC;DWS INVESTMENTS;RENTA VARIABLE EURO;EUR;4;1.58;1.5;100;5.4;17.63;5.7;8.01;-9.22;10.9365
LU2220514363;DWS INVEST SHORT DURATION;DWS INVEST SHORT DURATION INCOME LC EUR ACC;DWS INVESTMENTS;RENTA FIJA INTERNACIONAL;EUR;2;0.75;0.6;100;-0.2;3.52;3.54;5;-4.99;1.3628
LU0145648290;DEUTSCHE INVEST I TOP ASI;DWS INVEST TOP ASIA LC;DWS INVESTMENTS;RENTA VARIABLE INTERNACIONAL;EUR;4;1.62;1.5;100;20.65;14.59;11.62;-2.05;-12.37;21.5808
LU0511520347;Deutsche Invest I Top Div;DWS INVEST TOP DIVIDEND GBP LD DS;DWS INVESTMENTS;RENTA VARIABLE INTERNACIONAL;GBP;3;1.6;1.5;200;12.05;10.03;5.04;-1.7;-3.23;9.9211
LU0911039310;DWS INVEST TOP DIVIDEND L;DWS INVEST TOP DIVIDEND LDQH DIS EUR HEDGED;DWS INVESTMENTS;RENTA VARIABLE INTERNACIONAL;EUR;4;1.63;1.5;100;9.66;16.32;1.82;0.19;-6.34;9.3771
LU0648597572;BLENDED RESEARCH EUROPEAN;BLENDED RESEARCH EUROPEAN EQUITY A1 ACC USD;MFS INVESTMENT MANAG;RENTA VARIABLE EURO;USD;4;1.46;0.5;100;11.11;24.67;8.81;13.06;-9.04;13.7752
LU1340705364;BLENDED RESEARCH EUROPEAN;BLENDED RESEARCH EUROPEAN EQUITY AH1 ACC USD HEDGED;MFS INVESTMENT MANAG;RENTA VARIABLE EURO;USD;4;1.5;0.5;100;15.21;12.29;17.91;11.88;-0.59;10.6654
LU1985811782;MFS MERIDIAN CONTRARIAN V;MFS MERIDIAN CONTRARIAN VALUE A1 USD;MFS INVESTMENT MANAG;RENTA VARIABLE INTERNACIONAL;USD;4;1.85;1;100;19.3;18.4;9.82;20.07;0.77;14.5468
LU2459474701;MFS MERIDIAN FUNDS CONTRA;MFS MERIDIAN FUNDS CONTRARIAN A1 ACC EUR;MFS INVESTMENT MANAG;RENTA VARIABLE INTERNACIONAL;EUR;4;1.85;1;100;19.35;17.99;10.13;20.5;;12.2647
LU1985811865;MFS MERIDIAN FUNDS CONTRA;MFS MERIDIAN FUNDS CONTRARIAN VALUE AH1 ACC EUR HEDGED;MFS INVESTMENT MANAG;RENTA VARIABLE INTERNACIONAL;EUR;4;1.85;1;100;14.98;30.53;1.32;21.37;-8.77;14.4708
LU0035378891;MFS MERIDIAN GLOBAL HIGH;MFS MERIDIAN GLOBAL HIGH YIELD A2 DIS USD;MFS INVESTMENT MANAG;RENTA FIJA INTERNACIONAL;USD;2;1.4;0.75;100;0.17;-9.83;8.92;3;-9.21;3.0044
LU0583242994;MFS PRUDENT WEALTH A1 ACC;MFS MERIDIAN PRUDENT WEALTH A1 ACC EUR;MFS INVESTMENT MANAG;RENTA VARIABLE MIXTA INTERNACIONAL;EUR;3;2.03;1.15;100;4.06;1.05;8.37;10.35;-11.22;10.0775
LU0808562614;MFS MERIDIAN PRUDENT WEAL;MFS MERIDIAN PRUDENT WEALTH AH1 ACC EUR HEDGED;MFS INVESTMENT MANAG;RENTA VARIABLE MIXTA INTERNACIONAL;EUR;3;2.05;1.15;100;0.18;11.79;-0.2;11.61;-19.05;10.0269
LU0337786437;MFS PRUDENT WEALTH AI ACC;MFS MERIDIAN PRUDENT WEALTH AI ACC USD;MFS INVESTMENT MANAG;RENTA VARIABLE MIXTA INTERNACIONAL;USD;3;2.02;1.15;100;4.04;1.38;8.07;9.98;-11.42;10.0884
IE00BNJZW555;NEUBERGER BERMAN SHORT DU;NEUBERGER SHORT DURATION EM MKT DEBT U ACC EUR HEDGED;NEUBERGER BERMAN;RENTA FIJA INTERNACIONAL;EUR;2;0.83;0.75;500000;0.7;6.73;6.9;5.48;-9.18;2.3549
IE00BDZRXR46;NEUBERGER BERMAN SHORT DU;NEUBERGER SHORT DURATION EMERGING MARKET DE A ACC USD;NEUBERGER BERMAN;RENTA FIJA INTERNACIONAL;USD;2;1.07;1;1000;4.06;-3.93;15.29;3.79;-1.81;2.4023
LU1922483299;NN (L) GREEN BOND SHORT D;GOLDMAN SACHS GREEN BOND SHORT DURATION P ACC EUR;GOLDMAN SACHS (EX NN INV);RENTA FIJA EURO;EUR;2;0.6;0.65;100;-0.28;3.48;4.94;6.13;-8.99;1.671
LU0546920488;NN (L) US CREDIT P ACC US;GOLDMAN SACHS US CREDIT P ACC USD;GOLDMAN SACHS (EX NN INV);RENTA FIJA INTERNACIONAL;USD;3;0.95;0.75;100;0.42;-4.82;8.07;4.65;-12.1;3.9047
LU1820809777;CAPITAL GROUP CAPITAL INC;CAPITAL GROUP CAPITAL INCOME BUILDER BD DIS EUR;CAPITAL INTERNATIONAL MAN;RENTA VARIABLE MIXTA INTERNACIONAL;EUR;3;1.65;;100;9.43;3.03;13.69;1.91;-4.15;6.0793
LU0193727749;CAPITAL GROUP GLOBAL HIGH;CAPITAL GROUP GLOBAL HIGH INCO BD DIS EUR;CAPITAL INTERNATIONAL MAN;RENTA FIJA INTERNACIONAL;EUR;3;1.4;1.3;100;-0.66;-7.86;4.6;1.85;-11.5;4.541
LU0637316331;NORDEA 1 EUROP HIGH YIELD;NORDEA 1 EUROP HIGH YIELD BOND FUND HB USD ACC;NORDEA INVESTMENT FUNDS;RENTA FIJA EURO;USD;2;1.33;1;100;3.49;-4.87;16.59;8.89;-3.68;2.8897
LU0087209911;NORDEA 1 NORWEGIAN BOND F;NORDEA 1 NORWEGIAN BOND FUND BP NOK ACC;NORDEA INVESTMENT FUNDS;RENTA FIJA INTERNACIONAL;NOK;2;0.85;0.6;100;8.57;3.82;-3.69;-3.53;-9.43;3.0353
LU1029333462;NORDEA GLOBAL SMALL CAP B;NORDEA GLOBAL SMALL CAP BP ACC EUR;NORDEA INVESTMENT FUNDS;RENTA VARIABLE INTERNACIONAL;EUR;4;1.5;1.5;100;9.13;-0.75;10.15;12.88;-17.73;12.3389
LU1029332142;NORDEA GLOBAL SMALL CAP B;NORDEA GLOBAL SMALL CAP BP ACC USD;NORDEA INVESTMENT FUNDS;RENTA VARIABLE INTERNACIONAL;USD;4;1.81;1.5;100;9;-1.23;10.78;12.82;-17.78;14.6294
LU2367664385;LUMYNA-MW TOPS (MARKET NE;LUMYNA-MW TOPS (MARKET NEUTRAL D ACC EUR;GENERALI INVESTMENTS LUXE;RENTA VARIABLE MIXTA INTERNACIONAL;EUR;3;2.77;2;20000;-0.9;10.02;5.16;1.8;8.54;4.7302
FR0010149203;CARMIGNAC PROFIL REACTIF;CARMIGNAC MULTI EXPERTISE A ACC EUR;CARMIGNAC GESTION FRANCE;GLOBAL;EUR;3;1.85;1.5;100;3.7;4.74;9.89;5.11;-11.89;5.4776
LU0336083810;CARMIGNAC PORTFOLIO EMERG;CARMIGNAC PORTFOLIO ASIA DISCOVERY A EUR ACC;CARMIGNAC GESTION FRANCE;RENTA VARIABLE INTERNACIONAL;EUR;4;2.33;;100;46.95;4.74;29.57;12.65;-22.38;24.609
LU1299305190;CARMIGNAC PORTFOLIO PATRI;CARMIGNAC PORTFOLIO PATRIMOINE A ACC EUR;CARMIGNAC GESTION FRANCE;RENTA VARIABLE MIXTA INTERNACIONAL;EUR;3;1.8;1.5;150;6.39;11.8;6.87;2.02;-9.27;5.9989
FR0011269109;Carmignac Securite;CARMIGNAC SECURITE AW USD ACC HDG;CARMIGNAC GESTION FRANCE;RENTA FIJA EURO;USD;2;0.8;;1800;2.63;-7.52;13.58;2.36;3.01;1.3184
LU0267387255;FF GLOBAL OPPORTUNITIES F;FIDELITY FIRST ALL COUNTRY WORLD A ACC EUR;FIDELITY INVEST.INT.,SUC.;GLOBAL;EUR;4;1.91;1.5;2500;12.07;9.18;22.82;15.1;-12.23;11.4573
LU0390710027;FF GLOBAL SHORT DURATION;FIDELITY FUNDS - GLOBAL SHORT DURATION INCOME A ACC USD ACC;FIDELITY INVEST.INT.,SUC.;RENTA FIJA INTERNACIONAL;USD;2;1.05;0.75;2500;3.83;-5.48;13.69;4.84;1.38;1.78
LU1805238125;FIDELITY GLOBAL CONSUMER;FIDELITY GLOBAL CONSUMER BRANDS A ACC EUR;FIDELITY INVEST.INT.,SUC.;RENTA VARIABLE INTERNACIONAL;EUR;4;1.9;1.5;2500;-0.05;-2.58;19.45;20.32;-23.68;13.386
LU0157217158;FF GLOBAL FOCUS FUND E AC;FIDELITY GLOBAL FOCUS FUND E ACC EUR;FIDELITY INVEST.INT.,SUC.;RENTA VARIABLE INTERNACIONAL;EUR;4;2.65;1.5;2500;0.09;8.56;18.79;16.33;-15.99;13.6456
LU0114723033;FF GLOBAL INDUSTRIALS FUN;FIDELITY GLOBAL INDUSTRIALS FUND E ACC EUR;FIDELITY INVEST.INT.,SUC.;RENTA VARIABLE INTERNACIONAL;EUR;4;2.68;1.5;2500;20.24;4.01;15.3;16.13;5.02;9.6227
LU0353649279;FIDELITY GLOBAL INFLATION;FIDELITY GLOBAL INFLATION-LINKED BOND A ACC EUR HEDGED;FIDELITY INVEST.INT.,SUC.;RENTA FIJA MIXTA INTERNACIONAL;EUR;2;0.71;0.5;2500;-0.56;3.3;-0.33;2.96;-7.96;2.4991
LU0261951288;FIDELITY SWITZERLAND A AC;FIDELITY SWITZERLAND A ACC CHF;FIDELITY INVEST.INT.,SUC.;RENTA VARIABLE EURO;CHF;4;1.92;1.5;2500;6.8;10.05;3.37;10.24;-18.85;11.6687
IE00B101K104;AXA ROSENBERG GLOBAL EMER;AXA ROSENBERG GLOBAL EMERGING B ACC EUR;AXA INVESTMENT MANAGERS;RENTA VARIABLE INTERNACIONAL;EUR;4;1.68;1.35;100;30.1;16.51;20.09;10.51;-13.44;17.9157
LU2629011144;CANDRIAM BONDS GLOBAL GOV;CANDRIAM BONDS GLOBAL GOVERNME AH ACC EUR HEDGED;CANDRIAM LUXEMBOURG;RENTA FIJA INTERNACIONAL;EUR;2;0.82;0.6;100;-3.98;1.01;-0.88;;;3.6334
LU2637814901;CANDRIAM BONDS GLOBAL HIG;CANDRIAM BONDS GLOBAL HIGH YIELD C ACC USD HEDGED;CANDRIAM LUXEMBOURG;RENTA FIJA INTERNACIONAL;USD;2;1.47;1.2;100;2.26;-4.41;13.82;;;2.7219
LU0654531184;CANDRIAM EQUITIES L GLOBA;CANDRIAM EQUITIES L GLOBAL DEMOGRAPHY C ACC EUR;CANDRIAM LUXEMBOURG;RENTA VARIABLE INTERNACIONAL;EUR;4;2.03;1.6;100;9.63;1.53;20.58;13.98;-15.5;10.0396
LU1644441120;CANDRIAM SUSTAINABLE BOND;CANDRIAM SUSTAINABLE BOND GLOBAL HIGH YIELD C ACC EUR;CANDRIAM LUXEMBOURG;RENTA FIJA INTERNACIONAL;EUR;2;1.41;1.2;100;-1.24;4.37;3.99;7.84;-9.63;2.5832
LU2109443460;CANDRIAM SUSTAINABLE BOND;CANDRIAM SUSTAINABLE BOND GLOBAL HIGH YIELD C ACC USD;CANDRIAM LUXEMBOURG;RENTA FIJA INTERNACIONAL;USD;3;1.41;1.2;100;-1.18;4.69;3.68;7.74;-9.94;7.2261
LU0432616901;Invesco Balanced-Risk All;INVESCO BALANCED RISK ALLOCATION E CAP EUR;INVESCO A.M.;GLOBAL;EUR;3;2.13;1.75;500;15.21;4.81;1.07;2.66;-17.84;7.6908
LU0123358656;INVESCO ENERGY E CAP EUR;INVESCO ENERGY TRANSITION ENABLEMENT E CAP EUR;INVESCO A.M.;RENTA VARIABLE INTERNACIONAL;EUR;4;1.85;1.5;500;12.08;5.89;2.66;3.19;-12.98;10.8547
LU0243958393;Invesco Euro Corporate Bo;INVESCO EURO CORPORATE BOND E CAP EUR;INVESCO A.M.;RENTA FIJA EURO;EUR;2;1.52;1.25;500;-1.99;1.83;3.6;7.22;-12.69;2.9994
LU0607519609;Invesco Euro Short Term B;INVESCO EURO SHORT TERM BOND E CAP EUR;INVESCO A.M.;RENTA FIJA INTERNACIONAL;EUR;2;0.98;0.8;500;-0.63;2.16;3.08;4.39;-6.49;1.2367
LU0607513586;Invesco Global Equity Inc;INVESCO GLOBAL EQUITY INCOME E CAP EUR;INVESCO A.M.;RENTA VARIABLE INTERNACIONAL;EUR;4;2.38;2;500;11.94;5.4;17.43;22.1;-6.95;12.2693
LU1097689019;INVESCO GLOBAL INCOME A A;INVESCO GLOBAL INCOME A ACC USD HEDGED;INVESCO A.M.;GLOBAL;USD;3;1.62;1.25;1500;7.64;-2.48;15.34;11.14;-3.92;7.0972
LU1097689522;INVESCO GLOBAL INCOME E A;INVESCO GLOBAL INCOME E ACC EUR;INVESCO A.M.;GLOBAL;EUR;3;2.12;1.75;500;3.46;7.42;6.21;11.93;-12.51;7.1153
LU0482542841;Invesco Global Investment;INVESCO GLOBAL INVESTMENT GRADE CORPORATE BOND A DIS MONTH USD;INVESCO A.M.;RENTA FIJA INTERNACIONAL;USD;2;1.02;0.75;1500;-2.31;-8.79;6.69;2.06;-13.62;3.55
LU1097691692;INVESCO GLOBAL TOTAL RETU;INVESCO GLOBAL TOTAL RETURN BOND A ACC USD HEDGED;INVESCO A.M.;RENTA FIJA INTERNACIONAL;USD;2;1.27;1;1500;0.94;-4.94;9.45;5.69;1.37;3.6253
LU0534239909;Invesco Global Total Retu;INVESCO GLOBAL TOTAL RETURN BOND A CAP EUR;INVESCO A.M.;RENTA FIJA INTERNACIONAL;EUR;2;1.27;1;1000;-2.52;5.2;1.27;7.02;-6.69;3.6217
LU0794790633;INVESCO GLOBAL TOTAL RETU;INVESCO GLOBAL TOTAL RETURN BOND A DIS ANNUAL EUR;INVESCO A.M.;RENTA FIJA INTERNACIONAL;EUR;2;1.27;1;1000;-5.84;1.58;-2.46;4.28;-7.22;5.4401
LU0534240402;Invesco Global Total Retu;INVESCO GLOBAL TOTAL RETURN BOND E CAP EUR;INVESCO A.M.;RENTA FIJA INTERNACIONAL;EUR;2;1.52;1.25;500;-2.69;4.93;1.01;6.76;-6.92;3.6272
LU0115143165;INVESCO GREATER CHINA EQU;INVESCO GREATER CHINA EQUITY E CAP EUR;INVESCO A.M.;RENTA VARIABLE INTERNACIONAL;EUR;5;2.78;2.25;500;18.82;18.1;19.99;-11.93;-17.06;20.3529
LU0267984697;Invesco India Equity Fund;INVESCO INDIA EQUITY E CAP EUR;INVESCO A.M.;RENTA VARIABLE INTERNACIONAL;EUR;4;2.76;2.25;500;-5.91;-22.14;31.57;22.01;-4.32;16.1042
LU0607514980;INVESCO JAPANESE EQUITY A;INVESCO JAPANESE EQUITY ADVANTAGE E ACC EUR;INVESCO A.M.;RENTA VARIABLE INTERNACIONAL;EUR;4;2.1;1.8;500;24.28;4.87;7.55;3.44;-12.52;13.3445
LU0243957742;Invesco Pan European High;INVESCO PAN EUROPEAN HIGH INCOME E CAP EUR;INVESCO A.M.;RENTA FIJA MIXTA EURO;EUR;2;2.12;1.75;500;2.6;5.71;4.68;8.81;-10.24;4.2878
LU0482497954;INVESCO GLOBAL STRUCTURED;INVESCO SUSTAINABLE GLOBAL SYSTEMATIC EQUITY A CAP EUR HEDGED;INVESCO A.M.;GLOBAL;EUR;4;1.29;1;1000;7.63;15.22;14.13;11.06;-13.89;9.3073
LU0267985314;Invesco Global Structured;INVESCO SUSTAINABLE GLOBAL SYSTEMATIC EQUITY E CAP EUR;INVESCO A.M.;GLOBAL;EUR;3;1.79;1.5;500;11.34;4.03;23.06;9.44;-6.22;6.9043
LU0119753308;Invesco Pan European Stru;INVESCO SUSTAINABLE PAN EUROPEAN SYSTEMATIC EQUITY E CAP EUR;INVESCO A.M.;RENTA VARIABLE EURO;EUR;4;2.51;2.25;500;8.15;15.85;10.48;11.66;-13.26;9.6106
LU0382931250;T ROWE PRICE EUROPEAN SMA;T ROWE PRICE EUROPEAN SMALLER COMPANIES EQUITY A ACC EUR;T. ROWE PRICE (LUXEMBOURG;RENTA VARIABLE EURO;EUR;4;1.77;1.6;100;8;3.87;0.86;13.49;-36.59;15.4543
LU0566486402;ABERDEEN STANDARD SICAV I;ABRDN SICAV I - ASIA PACIFIC SUSTAINAB L A ACC EUR HEDGED;ABRDN INC.;RENTA VARIABLE INTERNACIONAL;EUR;4;1.93;1.75;500;17.28;19.56;5.33;-6.37;-22.02;20.7237
LU0245182059;GS GLOBAL SMALL CAP CORE;GOLDMAN SACHS GLOBAL SMALL CAP CORE EQUITY PORTF E ACC SNAP EUR;GOLDMAN SACHS A.M.;RENTA VARIABLE INTERNACIONAL;EUR;4;1.89;1.25;1500;16.91;10.06;18.09;13.21;-10.75;12.3766
LU2972043942;GS GLOBAL SMALL CAP CORE;GOLDMAN SACHS GLOBAL SMALL CAP CORE EQUITY PORTFOL BASE ACC USD;GOLDMAN SACHS A.M.;RENTA VARIABLE INTERNACIONAL;USD;4;1.47;1.25;5000;17.71;;;;;15.3152
LU0333810694;GOLDMAN SACHS INDIA EQUIT;GOLDMAN SACHS INDIA EQUITY PORTFOLIO A ACC USD;GOLDMAN SACHS A.M.;RENTA VARIABLE MIXTA INTERNACIONAL;USD;4;2.43;1.75;1500;-5.53;-17;27.02;20;-11.39;14.8533
LU1431484085;GOLDMAN SACHS US DOLLAR C;GOLDMAN SACHS US DOLLAR CREDIT P ACC EUR HEDGED;GOLDMAN SACHS A.M.;RENTA FIJA INTERNACIONAL;EUR;3;0.97;0.75;100;-3.03;5.26;-0.17;5.97;-19.14;3.8894
LU1785488831;GS US CORE EQUITY PORTFOL;GS US CORE EQUITY PORTFOLIO E ACC EUR HEDGED SNA;GOLDMAN SACHS A.M.;RENTA VARIABLE MIXTA INTERNACIONAL;EUR;4;1.65;1;100;5.23;11.48;25.22;20.99;-23.48;12.0633
LU0757431738;Threadneedle (Lux) Global;CT (LUX) GLOBAL TECHNOLOGY DE EUR;THREADNEEDLE INVEST SERV;RENTA VARIABLE INTERNACIONAL;EUR;5;2.35;2;2500;50.91;17.03;33.71;37.89;-27.85;26.1067
IE00BK26DX94;JANUS HENDERSON BALANCED;JANUS HENDERSON BALANCED A2 ACC EUR;JANUS HENDERSON INV.;RENTA VARIABLE MIXTA INTERNACIONAL;EUR;3;1.86;1;2500;5.11;0.01;21.17;10.13;-12.34;7.3529
LU1059379971;JANUS HENDERSON HORIZON P;JANUS HENDERSON HORIZON PAN EUROPEAN PROPERTY EQ A2 USD HDG ACC;JANUS HENDERSON INV.;RENTA VARIABLE EURO;USD;5;1.89;1.2;2500;-1.61;-5.03;3.47;18.2;-31.06;16.1714
ES0113691002;BANKOA AHORRO, FI CLASE I;ABANCA AHORRO, FI CLASE I;//A GESTION ACTIVOS SGIIC;RENTA FIJA EURO;EUR;2;0.53;0.3;500000;-0.07;2.24;3.37;3.47;-5.21;1.1294
ES0113691036;BANKOA AHORRO, FI CLASE R;ABANCA AHORRO, FI CLASE R;//A GESTION ACTIVOS SGIIC;RENTA FIJA EURO;EUR;2;0.7;0.55;0;-0.24;1.99;3.13;3.26;-5.4;1.1294
ES0147597035;Abanca Renta Fija Flexibl;ABANCA BONOS CORPORATIVOS, FI SP;//A GESTION ACTIVOS SGIIC;RENTA FIJA MIXTA EURO;EUR;2;1.01;0.9;0;-1.12;3.74;2.21;4.61;-7.32;2.0234
ES0106933007;Imantia Fondeposito FI;ABANCA FONDEPOSITO, FI INSTITUCIONAL;//A GESTION ACTIVOS SGIIC;RENTA FIJA EURO CORTO PLAZO;EUR;1;0.24;0.28;1000000;1.23;2.05;3.19;2.6;-0.6;0.0484
ES0106933031;Imantia Fondeposito FI;ABANCA FONDEPOSITO, FI MINORISTA;//A GESTION ACTIVOS SGIIC;RENTA FIJA EURO CORTO PLAZO;EUR;1;0.44;0.55;0;1.03;1.76;2.92;2.42;-0.92;0.0484
ES0133400012;Abanca Gestion Conservado;ABANCA GESTION, FI CONSERVADOR;//A GESTION ACTIVOS SGIIC;RENTA FIJA MIXTA EURO;EUR;2;1.5;1;0;-0.25;2.28;3.68;4.49;-6.17;1.6493
ES0133400004;Abanca Gestion Decidido F;ABANCA GESTION, FI DECIDIDO;//A GESTION ACTIVOS SGIIC;RENTA VARIABLE MIXTA INTERNACIONAL;EUR;3;1.79;1.2;0;4.66;4.56;9.62;10.83;-11.45;4.7202
ES0133400020;Abanca Gestion Moderado F;ABANCA GESTION, FI MODERADO;//A GESTION ACTIVOS SGIIC;RENTA FIJA MIXTA INTERNACIONAL;EUR;2;1.63;1.1;0;1.12;3.22;5.3;6.43;-7.76;2.7974
ES0151487008;ABANCA OBJETIVO 18 MESES,;ABANCA OBJETIVO 18 MESES, FI;//A GESTION ACTIVOS SGIIC;IIC OBJETIVO RENTABILIDAD NO GARANTIZADO;EUR;1;0.62;0;0;;;;;;0
ES0124524010;ABANCA RENTA FIJA GOBIERN;ABANCA RENTA FIJA GOBIERNOS, FI MINORISTA;//A GESTION ACTIVOS SGIIC;RENTA FIJA EURO;EUR;3;0.88;0.8;0;-2.08;1.42;1.55;;;2.7381
ES0140073000;Abanca Renta Fija Mixta F;ABANCA RENTA FIJA MIXTA, FI SP;//A GESTION ACTIVOS SGIIC;RENTA FIJA MIXTA INTERNACIONAL;EUR;2;1.22;1.1;100;1.93;4.97;4.08;6.66;-6.12;2.3916
ES0119483016;ABANCA RENTA FIJA PATRIMO;ABANCA RENTA FIJA PATRIMONIO, CLASE I;//A GESTION ACTIVOS SGIIC;RENTA FIJA EURO;EUR;2;0.43;0.4;500000;0.21;3.15;4.12;4.54;-3.23;1.1388
ES0119483008;Abanca Renta Fija Corto P;ABANCA RENTA FIJA PATRIMONIO, FI CLASE A;//A GESTION ACTIVOS SGIIC;RENTA FIJA EURO;EUR;2;0.58;0.6;0;0.07;2.94;3.94;4.36;-3.36;1.1387
ES0106949037;Imantia Flexible FI;ABANCA RENTA VARIABLE CRECIMIENTO, FI MINORISTA;//A GESTION ACTIVOS SGIIC;RENTA VARIABLE INTERNACIONAL;EUR;4;2.04;1.5;0;7.86;4.13;14.5;10.47;-23.74;12.689
ES0162948006;Abanca Renta Variable Esp;ABANCA RENTA VARIABLE DIVIDENDO, FI MINORISTA;//A GESTION ACTIVOS SGIIC;RENTA VARIABLE INTERNACIONAL;EUR;3;1.62;1.5;0;17.31;14.62;10.05;21.45;-2.71;8.0769
ES0115418032;Abanca Renta Variable Mix;ABANCA RENTA VARIABLE MIXTA FI SP;//A GESTION ACTIVOS SGIIC;RENTA VARIABLE MIXTA INTERNACIONAL;EUR;3;1.46;1.2;500;6.61;9.62;5.17;11.23;-7.98;4.1363
LU1090960755;EURIZON FUND - CONSERVATI;EURIZON FUND - CONSERVATIVE AL R ACC EUR;EURIZON CAPITAL S.A;RENTA VARIABLE MIXTA INTERNACIONAL;EUR;3;1.64;1.4;500;4.68;5.39;4.97;8.23;-12.04;5.1746
LU0566417696;MARCH INTERNATIONAL VINI;MARCH INTERNATIONAL - MARCH UNIVERSAL BRANDS A ACC EUR;FUNDROCK MG - MARCH INTER;RENTA VARIABLE MIXTA INTERNACIONAL;EUR;4;2.26;;100;8.06;-0.96;-12.95;-7.16;-5.29;9.4473
LU0982163676;MARCH INTERNATIONAL VINI;MARCH INTERNATIONAL - MARCH UNIVERSAL BRANDS P ACC EUR;FUNDROCK MG - MARCH INTER;RENTA VARIABLE MIXTA INTERNACIONAL;EUR;4;1.51;;500000;8.1;-0.12;-12.27;-6.45;-4.58;8.592
LU0701410861;MARCH INTERNATIONAL FAMIL;MARCH INTERNATIONAL FAMILY BUSINESSES A ACC EUR;FUNDROCK MG - MARCH INTER;RENTA VARIABLE INTERNACIONAL;EUR;4;2.26;2;100;8.64;-2.62;7.86;5.85;-10.84;11.6486
LU1670726402;M&G (Lux) GLOBAL HIGH YIE;M&G (Lux) GLOBAL HIGH YIELD BOND FUND A H EUR ACC;M&G LUXEMBOURG;RENTA FIJA INTERNACIONAL;EUR;2;1.23;1;1000;-0.16;3.35;6.35;7.89;-13.25;2.6417
LU1670628491;M&G (LUX) GLOBAL THEMES F;M&G (LUX) GLOBAL THEMES FUND A ACC EUR;M&G LUXEMBOURG;RENTA VARIABLE INTERNACIONAL;EUR;4;2.08;1.75;1000;12.82;8.3;8.14;8.27;-8.47;9.8187
LU1670628905;M&G (LUX) GLOBAL THEMES F;M&G (LUX) GLOBAL THEMES FUND A ACC USD;M&G LUXEMBOURG;RENTA VARIABLE INTERNACIONAL;USD;4;2.07;1.75;1000;13.38;8.05;8.12;8.43;-8.32;12.3311
LU1900801454;M&G (LUX) SUSTAINABLE ALL;M&G (LUX) SUSTAINABLE ALLOCATION A-H ACC USD HEDGED;M&G LUXEMBOURG;RENTA VARIABLE MIXTA INTERNACIONAL;USD;3;1.82;1.5;1000;7.02;-4.42;10.36;6.83;-7.72;6.4503
LU1582988488;M&G DYNAMIC ALLOCATION FU;M&G DYNAMIC ALLOCATION FUND EUR C ACC;M&G LUXEMBOURG;RENTA VARIABLE MIXTA INTERNACIONAL;EUR;3;0.92;0.75;500000;4.59;14.11;3.64;8.11;-2.1;6.0689
LU1582988645;M&G DYNAMIC ALLOCATION FU;M&G DYNAMIC ALLOCATION FUND EUR C DIS;M&G LUXEMBOURG;RENTA VARIABLE MIXTA INTERNACIONAL;EUR;3;0.92;0.75;500000;1.52;9.89;-0.85;4.26;-4.28;6.2516
LU1670707956;M&G LUX EUROPEAN STRATEGI;M&G LUX EUROPEAN STRATEGIC VALUE A USD ACC;M&G LUXEMBOURG;RENTA VARIABLE EURO;USD;4;1.71;1.5;1000;12.79;31.64;14.93;13.7;1.94;14.7232
LU0757428866;THREADNEEDLE (LUX) GLOBAL;CT (LUX) - GLOBAL SMALLER COMPANIES AU ACC USD;THREADNEEDLE MANAG LUX;RENTA VARIABLE INTERNACIONAL;USD;4;1.8;1.5;100;7.33;-15.09;5.62;17.65;-30.96;18.7721
LU1829329819;THREADNEEDLE (LUX)-PAN EU;CT (LUX) - PAN EUROPEAN SMALLER COMPANIES 1E EUR ACC;THREADNEEDLE MANAG LUX;RENTA VARIABLE EURO;EUR;4;1.72;1.5;100;5.79;6.31;-0.92;8.77;-34.5;13.2562
LU1829330312;THREADNEEDLE (LUX)-PAN EU;CT (LUX) - PAN EUROPEAN SMALLER COMPANIES 1U USD HDG ACC;THREADNEEDLE MANAG LUX;RENTA VARIABLE EURO;USD;4;1.72;1.5;100;9.18;-3.95;7.07;7.33;-28.06;13.3143
LU0713323730;THREADNEEDLE  UK EQUITIES;CT (LUX) UK EQUITIES AEH EUR ACC;THREADNEEDLE MANAG LUX;RENTA VARIABLE EURO;EUR;4;1.82;1.5;2500;4.96;8.85;3.08;9.52;-8.19;11.1464
LU1475748437;THREADNEEDLE (LUX) UK EQU;CT (LUX) UK EQUITY INCOME AE EUR ACC;THREADNEEDLE MANAG LUX;RENTA VARIABLE EURO;EUR;4;1.8;1.5;2500;5.43;5.5;16.85;11.8;-8.76;12.721
LU1860994273;DNCA INVEST - ALPHA BONDS;DNCA INVEST - ALPHA BONDS H-A ACC USD HEDEGED;DNCA FINANCE;RENTA FIJA MIXTA INTERNACIONAL;USD;2;1.35;1.2;2500;3.97;-5.41;12.04;2.92;14.25;2.2378
LU2451378850;DNCA INVEST ARCHER MID-CA;DNCA INVEST ARCHER MID-CAP EUR H-WA ACC USD;DNCA FINANCE;RENTA VARIABLE INTERNACIONAL;USD;4;2.33;2.2;2500;9.06;5.18;15.21;;;12.3054
LU1366712435;DNCA INVEST ARCHER MID-CA;DNCA INVEST ARCHER MID-CAP EUROPE H-A ACC EUR;DNCA FINANCE;RENTA VARIABLE INTERNACIONAL;EUR;4;1.68;1.6;2500;6.22;17.07;7.19;13.3;-18.01;12.2909
FR0010286013;Sextant Grand Large;SEXTANT GRAND LARGE A ACC EUR;AMIRAL GESTION;RENTA VARIABLE EURO;EUR;2;1.7;1.7;100;-0.9;2.86;1.17;9.19;-5.32;5.7339
LU1989766289;CPR INVEST GLOBAL GOLD MI;CPR INVEST GLOBAL GOLD MINES A USD ACC;CPR ASSET MANAGEMENT (LU);RENTA VARIABLE INTERNACIONAL;USD;6;2.05;1.7;100;10.51;127.81;20.94;1.29;-4.04;52.8661
IE00B1BXJ072;FRANKLIN PUTNAM US RESEAR;FRANKLIN PUTNAM US RESEARCH A ACC EUR;FRANKLIN TEMPLETON;RENTA VARIABLE INTERNACIONAL;EUR;4;1.74;1.25;1000;16.54;5.43;29.12;15.27;-10.72;10.2884
IE00B1BXHZ80;FRANKLIN PUTNAM US RESEAR;FRANKLIN PUTNAM US RESEARCH A ACC USD;FRANKLIN TEMPLETON;RENTA VARIABLE INTERNACIONAL;USD;4;1.25;1.25;1000;16.59;5.78;28.8;14.77;-10.85;12.4126
LU0294219869;TEMPLETON GLOBAL BOND FUN;TEMPLETON GLOBAL BOND FUND A ACC EUR H 1;FRANKLIN TEMPLETON;RENTA FIJA INTERNACIONAL;EUR;3;1.35;1.05;1000;2.6;13.8;-13.58;-0.49;-7.3;8.0094
LU0152981543;Templeton Global Bond Fun;TEMPLETON GLOBAL BOND FUND A DIS EUR;FRANKLIN TEMPLETON;RENTA FIJA INTERNACIONAL;EUR;3;1.35;1.05;1000;1.72;-3.74;-11.23;-5.33;-3.85;4.9204
LU0029871042;TEMPLETON GLOBAL BOND FUN;TEMPLETON GLOBAL BOND FUND A MDIS USD;FRANKLIN TEMPLETON;RENTA FIJA INTERNACIONAL;USD;3;1.35;1.05;1000;1.59;-3.53;-11.31;-5.75;-3.99;8.3563
FR0010996736;LA FRANCAISE PROTECTAUX R;LA FRANCAISE PROTECTAUX R ACC EUR;LA FRANCAISE AM;RENTA FIJA EURO;EUR;3;0.54;1.113;100;4.98;5.25;6.57;-3.22;21.73;4.2849
LU1165135879;BNP PARIBAS AQUA P ACC EU;BNP PARIBAS AQUA P ACC EUR;BNP PARIBAS A.M.;RENTA VARIABLE INTERNACIONAL;EUR;4;1.15;0.9;3000000;5.59;0.51;6.12;17.84;-17.25;13.3279
LU1789408488;BNP PARIBAS AQUA P ACC US;BNP PARIBAS AQUA P ACC USD;BNP PARIBAS A.M.;RENTA VARIABLE INTERNACIONAL;USD;4;1.15;0.9;3000000;5.68;0.79;5.81;17.72;-17.52;15.6052
LU1956131418;BNP PARIBAS SUSTAINABLE A;BNP PARIBAS ASIA EXJAPAN EQUITY C ACC EUR A;BNP PARIBAS A.M.;RENTA VARIABLE INTERNACIONAL;EUR;4;1.06;0.75;3000000;37.48;13.64;19.64;-3.34;-16.72;24.1314
LU0823397368;Parvest Equity Best Sel A;BNP PARIBAS ASIA EXJAPAN EQUITY CLASSIC EUR CAP;BNP PARIBAS A.M.;RENTA VARIABLE INTERNACIONAL;EUR;4;1.96;1.5;100;36.6;12.52;18.57;-4.21;-17.46;24.1266
LU0265266980;PARVEST EQUITY BRASIL CLA;BNP PARIBAS BRAZIL EQUITY CLASSIC USD CAP;BNP PARIBAS A.M.;RENTA VARIABLE INTERNACIONAL;USD;5;2.23;1.75;100;15.02;32.75;-28.98;16.72;8.85;27.1364
LU0265313147;BNP PARIBAS BRAZIL EQUITY;BNP PARIBAS BRAZIL EQUITY P ACC USD;BNP PARIBAS A.M.;RENTA VARIABLE INTERNACIONAL;USD;5;1.21;0.9;3000000;15.85;34.08;-28.24;17.89;9.9;27.1529
LU0823426993;PARVEST EQUITY CHINA P US;BNP PARIBAS CHINA EQUITY P ACC USD;BNP PARIBAS A.M.;RENTA VARIABLE INTERNACIONAL;USD;5;1.21;0.9;3000000;0.93;17.41;19.51;-21.54;-23.21;17.2625
LU0823415285;BNP PARIBAS ENERGY TRANSI;BNP PARIBAS CLEAN ENERGY SOLUTIONS P ACC EUR;BNP PARIBAS A.M.;RENTA VARIABLE INTERNACIONAL;EUR;6;1.07;0.75;3000000;-3.82;40.38;-16.04;-25.1;-35.04;37.671
LU0823421333;PARVEST DISRUPTIVE TECHNO;BNP PARIBAS DISRUPTIVE TECHNOLOGY CLASSIC ACC USD;BNP PARIBAS A.M.;RENTA VARIABLE INTERNACIONAL;USD;5;1.96;1.5;100;26.06;8.5;27.34;36.21;-26.43;22.8014
LU0823422497;BNP PARIBAS DISRUPTIVE TE;BNP PARIBAS DISRUPTIVE TECHNOLOGY P ACC EUR;BNP PARIBAS A.M.;RENTA VARIABLE INTERNACIONAL;EUR;5;1.06;0.75;3000000;24.05;9.17;28.87;37.55;-25.51;23.8056
LU1799948523;BNP PARIBAS DISRUPTIVE TE;BNP PARIBAS DISRUPTIVE TECHNOLOGY P ACC USD;BNP PARIBAS A.M.;RENTA VARIABLE INTERNACIONAL;USD;5;1.06;0.75;3000000;26.87;9.48;28.49;37.43;-25.75;22.8035
LU0089276934;PARVEST BOND WORLD EMERGI;BNP PARIBAS EMERGING BOND CLASSIC USD CAP;BNP PARIBAS A.M.;GLOBAL;USD;3;1.45;1.1;500;2.28;-0.18;14.49;6.86;-15.42;6.6566
LU0111464060;PARVEST BOND WORLD EMERGI;BNP PARIBAS EMERGING BOND PRIVILEGE USD CAP;BNP PARIBAS A.M.;GLOBAL;USD;3;0.86;0.55;3000000;2.75;0.52;15.31;7.59;-14.85;6.6627
LU0823413587;PARVEST EQUITY WORLD EMER;BNP PARIBAS EMERGING EQUITY CLASSIC USD CAP;BNP PARIBAS A.M.;RENTA VARIABLE INTERNACIONAL;USD;4;2.21;1.75;550;33.37;14.15;17.43;1.81;-17.8;25.0086
LU0823414049;BNP PARIBAS EMERGING EQUI;BNP PARIBAS EMERGING EQUITY P ACC USD;BNP PARIBAS A.M.;RENTA VARIABLE INTERNACIONAL;USD;4;1.21;0.9;3000000;34.32;15.29;18.6;2.84;-16.99;25.0086
LU0131210360;PARVEST BOND EURO CORPORA;BNP PARIBAS EURO CORPORATE BOND CLASSIC EUR CAP;BNP PARIBAS A.M.;RENTA FIJA EURO;EUR;2;1.12;0.75;100;-1.46;2.77;4.96;8.5;-15.03;2.8482
LU0131212812;BNP PARIBAS EURO CORPORAT;BNP PARIBAS EURO CORPORATE BOND P ACC EUR;BNP PARIBAS A.M.;RENTA FIJA EURO;EUR;2;0.67;0.4;3000000;-1.15;3.24;5.45;8.99;-14.65;2.8493
LU0823401574;Parvest Equity Best Selec;BNP PARIBAS EURO EQUITY CLASSIC EUR CAP;BNP PARIBAS A.M.;RENTA VARIABLE EURO;EUR;4;1.96;1.5;100;8.4;16.12;0.52;15.07;-12.07;13.685
LU0823402036;BNP PARIBAS EURO EQUITY P;BNP PARIBAS EURO EQUITY P ACC EUR;BNP PARIBAS A.M.;RENTA VARIABLE EURO;EUR;4;1.06;0.75;3000000;9.1;17.16;1.43;16.11;-11.27;13.6852
LU2355554762;BNP PARIBAS EURO FLEXIBLE;BNP PARIBAS EURO FLEXIBLE BOND P ACC EUR;BNP PARIBAS A.M.;RENTA FIJA INTERNACIONAL;EUR;2;0.69;0.4;3000000;-0.2;3.13;3.28;1.45;;3.0268
LU0111549217;PARVEST BOND EURO GOVERNM;BNP PARIBAS EURO GOVERNMENT BOND PRIVILEGE EUR CAP;BNP PARIBAS A.M.;RENTA FIJA EURO;EUR;3;0.56;0.35;3000000;-2.86;0.5;0.91;6.25;-16.7;4.1208
LU0823381362;BNP PARIBAS EURO HIGH YIE;BNP PARIBAS EURO HIGH YIELD BO P ACC EUR;BNP PARIBAS A.M.;RENTA FIJA INTERNACIONAL;EUR;2;0.87;0.6;3000000;1.42;5;9.54;12.41;-12.46;2.5669
LU0823380802;BNP PARIBAS EURO HIGH YIE;BNP PARIBAS EURO HIGH YIELD BOND C ACC EUR;BNP PARIBAS A.M.;RENTA FIJA INTERNACIONAL;EUR;2;1.57;1.2;275;0.92;4.26;8.76;11.62;-13.08;2.5717
LU0190304583;PARVEST BOND EURO INFLATI;BNP PARIBAS EURO INFLATION-LINKED BOND CLASSIC EUR CAP;BNP PARIBAS A.M.;RENTA FIJA EURO;EUR;3;0.96;0.75;100;-0.32;0.55;-0.56;4.88;-9.79;3.168
LU0190306364;BNP PARIBAS EURO INFLATIO;BNP PARIBAS EURO INFLATION-LINKED BOND P ACC EUR;BNP PARIBAS A.M.;RENTA FIJA EURO;EUR;3;0.56;0.4;3000000;-0.04;0.97;-0.16;5.31;-9.41;3.1602
LU0111463849;BNP PARIBAS EURO MEDIUM T;BNP PARIBAS EURO MEDIUM TERM B PRIVILEGE ACC EUR;BNP PARIBAS A.M.;RENTA FIJA EURO;EUR;2;0.52;0.25;3000000;-1.43;2.57;2.96;5.59;-9.61;2.5232
LU0086914362;BNP PARIBAS EURO MEDIUM T;BNP PARIBAS EURO MEDIUM TERM BOND CLASSIC ACC EUR;BNP PARIBAS A.M.;RENTA FIJA EURO;EUR;2;0.87;0.5;100;-1.67;2.23;2.59;5.21;-9.92;2.5231
LU0823400766;BNP PARIBAS EUROPE EQUITY;BNP PARIBAS EUROPE EQUITY P ACC EUR;BNP PARIBAS A.M.;RENTA VARIABLE EURO;EUR;4;1.06;0.75;3000000;8.15;15.27;-0.26;13.27;-10.96;12.2265
LU0823404248;PARVEST EQUITY EUROPE GRO;BNP PARIBAS EUROPE GROWTH CLASSIC EUR CAP;BNP PARIBAS A.M.;RENTA VARIABLE EURO;EUR;4;1.96;1.5;100;0.08;4.46;-1.13;10.81;-15.12;14.1825
LU0823404834;BNP PARIBAS EUROPE GROWTH;BNP PARIBAS EUROPE GROWTH P ACC EUR;BNP PARIBAS A.M.;RENTA VARIABLE EURO;EUR;4;1.06;0.75;3000000;0.72;5.39;-0.23;11.81;-14.35;14.1854
LU0212180813;BNP PARIBAS EUROPE SMALL;BNP PARIBAS EUROPE SMALL CAP P ACC EUR;BNP PARIBAS A.M.;RENTA VARIABLE EURO;EUR;4;1.21;0.9;3000000;9.64;25.36;7.8;9.41;-21.59;11.6269
LU1956132143;BNP PARIBAS FUND EURO BON;BNP PARIBAS FUNDS GLOBAL INCOM C RH EUR CAP;BNP PARIBAS A.M.;RENTA FIJA INTERNACIONAL;EUR;3;1.21;0.9;100;-1.67;5.63;2.15;7.57;-17.5;5.149
LU1956132572;BNP PARIBAS FUNDS GLOBAL;BNP PARIBAS FUNDS GLOBAL INCOME BOND P RH ACC EUR HEDGED;BNP PARIBAS A.M.;RENTA FIJA INTERNACIONAL;EUR;3;0.71;0.45;3000000;-1.33;6.17;2.63;8.04;-17.12;5.1434
LU0194438841;PARVEST EQUITY JAPAN SMAL;BNP PARIBAS FUNDS JAPAN SMALL CAP CLASSIC H EUR;BNP PARIBAS A.M.;RENTA VARIABLE INTERNACIONAL;EUR;4;2.31;1.85;100;27.01;33.52;26.77;26.39;-11.97;17.6307
LU0925122235;PARVEST EQUITY JAPAN SMAL;BNP PARIBAS FUNDS JAPAN SMALL PRIVILEGE H EUR CAP;BNP PARIBAS A.M.;RENTA VARIABLE INTERNACIONAL;EUR;4;1.27;0.95;3000000;27.96;35.13;27.99;27.58;-11.11;17.6223
LU0956005226;PARVEST EQUITY BEST SELEC;BNP PARIBAS GLOBAL MEGATRENDS C USD ACC;BNP PARIBAS A.M.;RENTA VARIABLE INTERNACIONAL;USD;4;1.96;1.5;100;8.36;4.68;28.74;15.61;-18.71;13.948
LU0950374610;BNP PARIBAS GLOBAL MEGATR;BNP PARIBAS GLOBAL MEGATRENDS P ACC USD;BNP PARIBAS A.M.;RENTA VARIABLE INTERNACIONAL;USD;4;1.06;0.75;3000000;9.05;5.66;29.91;16.65;-17.98;13.9474
LU0823428932;PARVEST EQUITY INDIA CLAS;BNP PARIBAS INDIA EQUITY CLASSIC USD CAP;BNP PARIBAS A.M.;RENTA VARIABLE INTERNACIONAL;USD;4;2.21;1.75;100;-8.22;-11.76;19.43;16.04;-2.33;15.0098
LU0823429583;BNP PARIBAS INDIA EQUITY;BNP PARIBAS INDIA EQUITY P ACC USD;BNP PARIBAS A.M.;RENTA VARIABLE INTERNACIONAL;USD;4;1.21;0.9;3000000;-7.57;-10.87;20.65;17.19;-1.36;15.0142
LU0111445861;BNP PARIBAS JAPAN EQUITY;BNP PARIBAS JAPAN EQUITY P ACC JPY;BNP PARIBAS A.M.;RENTA VARIABLE INTERNACIONAL;JPY;4;1.06;0.75;3000000;32.44;17.12;13.15;15.95;-8.47;18.2985
LU1956163023;BNP PARIBAS SUSTAINABLE U;BNP PARIBAS RESPONSIBLE US MULTI-FACTOR EQUITY CLASSIC ACC USD;BNP PARIBAS A.M.;RENTA VARIABLE INTERNACIONAL;USD;4;1.46;1.5;100;16.26;2.05;28.83;12.32;-9.59;11.1256
LU1956163882;BNP PARIBAS SUSTAINABLE U;BNP PARIBAS RESPONSIBLE US MULTI-FACTOR EQUITY P ACC USD;BNP PARIBAS A.M.;RENTA VARIABLE INTERNACIONAL;USD;4;0.91;0.75;3000000;16.8;2.72;29.67;13.03;-9.02;11.131
LU0823417810;PARVEST EQUITY WORLD LOW;BNP PARIBAS SUSTAINABLE GLOBAL LOW VOL EQUITY CLASSIC EUR CAP;BNP PARIBAS A.M.;RENTA VARIABLE INTERNACIONAL;EUR;3;1.97;1.5;100;2.54;-5.89;14.93;8.49;-10.59;8.9815
LU0823418545;BNP PARIBAS SUSTAINABLE G;BNP PARIBAS SUSTAINABLE GLOBAL LOW VOL EQUITY P ACC EUR;BNP PARIBAS A.M.;RENTA VARIABLE INTERNACIONAL;EUR;3;1.07;0.75;3000000;3.2;-5.03;15.96;9.47;-9.78;8.9811
LU0823433932;PARVEST EQUITY TURKEY P E;BNP PARIBAS TURKEY EQUITY P ACC EUR;BNP PARIBAS A.M.;RENTA VARIABLE INTERNACIONAL;EUR;6;1.21;0.9;3000000;6.23;-20.58;43.29;10.48;115.69;23.1346
LU0012182399;PARVEST BOND USD SHORT DU;BNP PARIBAS USD SHORT DURATION BOND CLASSIC USD CAP;BNP PARIBAS A.M.;RENTA FIJA INTERNACIONAL;USD;2;0.81;0.5;500;3.18;-6.53;10.95;0.81;1.54;1.8177
LU0111478441;BNP PARIBAS USD SHORT DUR;BNP PARIBAS USD SHORT DURATION BOND P ACC USD;BNP PARIBAS A.M.;RENTA FIJA INTERNACIONAL;USD;2;0.51;0.25;3000000;3.41;-6.25;11.28;1.13;1.84;1.817
LU0117895796;JPM Emerging Europe Equit;JPM EMERGING EUROPE EQUITY D ACC EUR;JP MORGAN A.M.;RENTA VARIABLE INTERNACIONAL;EUR;5;2.8;;5000;0;0;0;-98.61;-34.2;0
LU1048652678;JPM EUROPE EQUITY A USD H;JPM EUROPE EQUITY A USD HDG ACC;JP MORGAN A.M.;RENTA VARIABLE EURO;USD;4;1.31;1;35000;14.33;11.98;15.35;13.25;-1.58;11.9177
LU1048653056;JPM EUROPE EQUITY C ACC U;JPM EUROPE EQUITY C ACC USD HEDGED;JP MORGAN A.M.;RENTA VARIABLE EURO;USD;4;0.71;0.5;10000000;14.82;12.65;16.04;13.96;-1.19;11.918
LU1048653304;JPM EUROPE EQUITY D USD H;JPM EUROPE EQUITY D USD HDG ACC;JP MORGAN A.M.;RENTA VARIABLE EURO;USD;4;2.06;1;5000;13.72;11.13;14.48;12.43;-2.5;11.9147
LU0722079638;JPM EUROPE STRATEGIC DIVI;JPM EUROPE STRATEGIC DIVIDEND FUND C-DIV DIS EUR;JP MORGAN A.M.;RENTA VARIABLE EURO;EUR;4;0.86;0.65;10000000;12.93;23.5;7.93;9.83;-12.11;11.1571
LU0329203573;JPM GLOBAL DIVIDEND D ACC;JPM GLOBAL DIVIDEND D ACC EUR;JP MORGAN A.M.;RENTA VARIABLE INTERNACIONAL;EUR;4;2.51;1.5;5000;7.06;2.78;14.22;;;8.4412
LU1002459144;JPM GLOBAL INCOME C DIS U;JPM GLOBAL INCOME C DIS USD HEDGED;JP MORGAN A.M.;GLOBAL;USD;3;0.76;0.6;10000000;4.9;-6.92;8.99;-1.16;-10.84;6.3441
LU0748075263;JPM GLOBAL INCOME D DIS U;JPM GLOBAL INCOME D DIS USD HEDGED;JP MORGAN A.M.;GLOBAL;USD;3;1.8;1.25;5000;4.12;-7.9;7.83;-2.17;-11.79;6.3422
LU0095623541;JPM GLOBAL MACRO OPPORTUN;JPM GLOBAL MACRO OPPORTUNITIES C ACC EUR;JP MORGAN A.M.;GLOBAL;EUR;3;0.76;0.6;10000000;0.13;-0.92;7.2;-1.08;-12.52;7.0549
LU1378862947;JPM GLOBAL MACRO OPPORTUN;JPM GLOBAL MACRO OPPORTUNITIES C ACC USD HEDGED;JP MORGAN A.M.;GLOBAL;USD;3;0.76;0.6;10000000;3.8;-10.55;15.64;-2.66;-4.93;7.0597
LU1400170350;JPM GLOBAL MACRO OPPORTUN;JPM GLOBAL MACRO OPPORTUNITIES D ACC USD HEDGED;JP MORGAN A.M.;GLOBAL;USD;3;2.18;1.25;5000;2.77;-11.8;14;-4.02;-6.24;7.0598
LU1663963012;CREDIT SUISSE (LUX) ROBOT;UBS (LUX) AI AND ROBOTICS EQUITY K-1 ACC EUR HEDGED;UBS AM SWITZERLAND AG;RENTA VARIABLE INTERNACIONAL;EUR;5;1.18;1;500000;9.6;5.55;2.76;26.7;-35.03;22.3244
LU1683285834;CREDIT SUISSE (LUX) DIGIT;UBS (LUX) DIGITAL HEALTH EQUITY K-1 ACC EUR HEDGED;UBS AM SWITZERLAND AG;RENTA VARIABLE INTERNACIONAL;EUR;5;1.19;1;500000;2.56;9.01;-7.94;5.72;-38.12;19.752
LU1683285750;CREDIT SUISSE (LUX) DIGIT;UBS (LUX) DIGITAL HEALTH EQUITY K-1 ACC USD;UBS AM SWITZERLAND AG;RENTA VARIABLE INTERNACIONAL;USD;5;1.15;0.9;500000;5.98;-1.2;0.14;5.48;-31.89;19.7053
LU1039938227;Henderson Horizon Eurolan;JANUS HENDERSON HORIZON EUROLAND A2 USDHDG ACC;JANUS HENDERSON INV EUROP;RENTA VARIABLE EURO;USD;4;1.87;1.2;2500;19.62;10.01;17.67;19.55;-6.98;11.7474
LU1183228433;JANUS HENDERSON HORIZON E;JANUS HENDERSON HORIZON EUROLAND I2 USDHDG ACC;JANUS HENDERSON INV EUROP;RENTA VARIABLE EURO;USD;4;1;1;1000000;20.25;10.88;18.65;20.3;-6.21;11.7699
LU2505548938;JANUS HENDERSON HORIZON G;JANUS HENDERSON HORIZON GLOBAL TECHNOLOGY LEADERS A2 ACC EUR HEDGED;JANUS HENDERSON INV EUROP;RENTA VARIABLE INTERNACIONAL;EUR;5;1.87;1.2;2500;22.41;20.17;30.36;46.78;;25.2089
LU0196034663;JANUS HENDERSON H. PAN EU;JANUS HENDERSON HORIZON PAN EUROP SMALL AND MIDCAP I2  EUR ACC;JANUS HENDERSON INV EUROP;RENTA VARIABLE INTERNACIONAL;EUR;4;1;1;1000000;12.48;14.91;4.78;8.94;-14.45;14.5808
LU1088683765;UBAM ABSOLUTE RETURN FIXE;UBAM GLOBAL FLEXIBLE BOND APC ACC EUR;UBP ASSET MANAGEMENT;RENTA FIJA INTERNACIONAL;EUR;2;0.92;0.65;100;-2.47;5.12;-0.08;6.3;-6.22;4.9049
LU0048292394;BL GLOBAL 30 B ACC EUR;BL GLOBAL 30 B ACC EUR;BANQUE INTERNATIONALE LUX;RENTA VARIABLE MIXTA INTERNACIONAL;EUR;3;1.55;1.25;100;2.37;11.53;8.01;3.09;-6.84;7.4812
LU0280438309;PICTET ASIAN LOCAL CURREN;PICTET ASIAN LOCAL CURRENCY DEBT P EUR;PICTET FUNDS;RENTA FIJA INTERNACIONAL;EUR;3;1.58;2.1;100;-2.06;-7.47;5.83;-1.96;1.13;4.7247
LU0170994346;PICTET GLOBAL EMERGING DE;PICTET GLOBAL EMERGING DEBT HP EUR;PICTET FUNDS;RENTA FIJA INTERNACIONAL;EUR;3;1.42;1.45;300;-0.34;12.5;4.98;5.18;-18.62;6.3493
LU0128467544;PICTET GLOBAL EMERGING DE;PICTET GLOBAL EMERGING DEBT P ACC USD;PICTET FUNDS;RENTA FIJA INTERNACIONAL;USD;3;1.37;1.45;100;3.36;1.82;13.69;3.88;-11.32;6.3811
LU0448623875;PICTET US HIGH YIELD HP E;PICTET GLOBAL HIGH YIELD HP EUR;PICTET FUNDS;RENTA FIJA INTERNACIONAL;EUR;2;0.76;1.45;100;0.9;6.72;6.32;8.94;-15.63;2.8225
LU1368233026;PICTET MULTI ASSET GLOBAL;PICTET MULTI ASSET GLOBAL OPPORTUNITIES HP ACC USD HEDGED;PICTET FUNDS;GLOBAL;USD;3;1.26;1.35;100;4.87;-3.87;17.96;5.52;-4.79;5.0946
LU0503635202;PICTET SMARTCITY P USD AC;PICTET SMARTCITY P USD ACC;PICTET FUNDS;RENTA VARIABLE INTERNACIONAL;USD;4;1.97;2.4;100;4.46;-6.92;12.22;13.71;-26.14;13.4488
LU0372507243;PICTET TIMBER HP EUR ACC;PICTET TIMBER HP EUR ACC;PICTET FUNDS;RENTA VARIABLE INTERNACIONAL;EUR;4;2.05;2.4;100;-4.96;-10.18;-7.45;12.46;-21.41;18.5643
FR00140081Y1;CARMIGNAC CREDIT 2027 A A;CARMIGNAC CREDIT 2027 A ACC EUR;CARMIGNAC GESTION LUXEMBO;IIC OBJETIVO RENTABILIDAD NO GARANTIZADO;EUR;2;1.04;0.9;100;0.39;3.52;7.23;12.77;;1.1511
LU1299303229;CARMIGNAC PORTFOLIO EMERG;CARMIGNAC PORTFOLIO EMERGENTS A ACC EUR;CARMIGNAC GESTION LUXEMBO;GLOBAL;EUR;4;1.8;1.5;100;24.1;22.83;4.81;9.21;-14.8;20.1156
LU1299303575;CARMIGNAC PORTFOLIO EMERG;CARMIGNAC PORTFOLIO EMERGENTS A ACC USD HEDGED;CARMIGNAC GESTION LUXEMBO;GLOBAL;USD;4;1.8;1.5;225;27.74;10.56;13.06;6.89;-8.16;19.76
LU1882462739;AMUNDI FUNDS EMERGING MAR;AMUNDI FUNDS EMERGING MARKETS SHORT TERM BOND A2 EUR HGD;AMUNDI FUNDS;RENTA FIJA INTERNACIONAL;EUR;2;1.45;1.1;100;1.38;2.73;15.69;7.64;-16.26;4.203
LU1882462812;AMUNDI FUNDS EMERGING MAR;AMUNDI FUNDS EMERGING MARKETS SHORT TERM BOND A2 USD;AMUNDI FUNDS;RENTA FIJA INTERNACIONAL;USD;2;1.45;1.1;100;4.99;-7.16;25.14;6.07;-9.01;4.2234
LU0616241476;AMUNDI FUNDS EURO AGGREGA;AMUNDI FUNDS EURO AGGREGATE BO A ACC EUR;AMUNDI FUNDS;RENTA FIJA EURO;EUR;2;1.11;0.8;100;-3.1;1.8;3.23;6.48;-16.72;3.5582
LU1941682681;AMUNDI FUNDS MULTI-ASSET;AMUNDI FUNDS MULTI-ASSET CONSERVATIVE RESPONSIBLE A ACC USD;AMUNDI FUNDS;RENTA VARIABLE MIXTA INTERNACIONAL;USD;3;1.45;1.2;100;2.12;1.86;4.97;7.12;-14.23;8.7435
LU1941682095;AMUNDI FUNDS MULTI-ASSET;AMUNDI FUNDS MULTI-ASSET CONSERVATIVE RESPONSIBLE A EUR INC;AMUNDI FUNDS;RENTA VARIABLE MIXTA INTERNACIONAL;EUR;3;1.45;1.2;100;1.52;1.29;5.28;7.21;-13.94;5.2293
LU1883866011;AMUNDI FUNDS REAL ASSETS;AMUNDI FUNDS REAL ASSETS TARGET INCOME A2 EUR;AMUNDI FUNDS;GLOBAL;EUR;3;1.78;1.5;100;14.37;4.86;6.19;0.08;-0.24;8.0454
LU2146567289;AMUNDI FUNDS PIONEER US E;AMUNDI FUNDS US EQUITY SELECT A ACC USD;AMUNDI FUNDS;RENTA VARIABLE INTERNACIONAL;USD;4;1.63;1.35;100;12.75;3.76;18.55;7.17;-7.98;11.5246
FR0010820332;AMUNDI RENDEMENT PLUS PC;AMUNDI RENDEMENT PLUS RESPONSABLE P ACC EUR;AMUNDI FUNDS;RENTA FIJA INTERNACIONAL;EUR;2;1.07;0.17;100;0.98;4.82;4.52;6.7;-9.81;4.1817
LU1095740236;FIRST EAGLE AMUNDI INCOME;FIRST EAGLE AMUNDI INCOME BUILDER AHE ACC EUR HEDGED;AMUNDI FUNDS;RENTA VARIABLE MIXTA INTERNACIONAL;EUR;3;1.85;1.6;100;6.96;20.59;2.09;5.43;-9.71;10.2746
LU1245470759;FLOSSBACH VON STORCH -MUL;FLOSSBACH VON STORCH -MULTI ASSET - BALANCED RT ACC EUR;FLOSSBACH VON STORCH;RENTA FIJA MIXTA INTERNACIONAL;EUR;3;1.61;1.465;100;0.3;5.45;10.01;8.71;-12.22;6.4129
LU1245470163;FLOSSBACH VON STORCH -MUL;FLOSSBACH VON STORCH -MULTI ASSET - DEFENSIVE RT ACC EUR;FLOSSBACH VON STORCH;RENTA FIJA MIXTA INTERNACIONAL;EUR;2;1.62;1.465;100;-0.66;4.84;7.02;6.8;-10.15;4.898
LU1245469744;FLOSSBACH VON STORCH - MU;FLOSSBACH VON STORCH MULTIPLE OPPORTUNITIES II ET ACC EUR;FLOSSBACH VON STORCH;GLOBAL;EUR;3;2.03;1.865;100;-0.78;2.16;8.9;8.65;-13.4;8.6959
LU1951224077;NATIXIS THEMATICS SAFETY;MIROVA THEMATIC SAFETY HR ACC EUR HEDGED;NATIXIS INVESTMENTS MAN.;RENTA VARIABLE INTERNACIONAL;EUR;5;2.05;2;1000;11.16;1.15;8.54;25.9;-37.83;16.1784
LU1923622291;NATIXIS THEMATICS SAFETY;MIROVA THEMATIC SAFETY R ACC USD;NATIXIS INVESTMENTS MAN.;RENTA VARIABLE INTERNACIONAL;USD;5;2.05;2;1000;15.45;-8.28;17.46;24.41;-31.23;16.1502
IE0033759436;MUZINICH ENHANCEDYIELD SH;MUZINICH ENHANCEDYIELD SHORT-TERM A ACC USD HEDGED;MUZINICH & CIE LTD;RENTA FIJA INTERNACIONAL;USD;0;0.59;0.45;20000000;3.9;-6.04;12.97;3.25;1.81;1.5012
LU0203937692;UBS (LUX) BOND SICAV - CO;UBS (LUX) BOND SICAV - CONVERT P ACC EUR;UBS AM (EUROPE) S.A;RENTA FIJA INTERNACIONAL;EUR;3;1.87;1.44;100;7.46;13.2;4.25;9.3;-18.45;9.3232
LU0151774972;UBS (LUX) BOND SICAV - SH;UBS (LUX) BOND SICAV - SHORT TERM USD CORPORATES P ACC USD;UBS AM (EUROPE) S.A;RENTA FIJA INTERNACIONAL;USD;2;0.88;0.65;100;2.5;-6.92;11.6;1.61;1.61;1.2004
LU0455556406;UBS (LUX) BOND SICAV-GLOB;UBS (LUX) BOND SICAV-GLOBAL INFLATION-LINKED (USD) P ACC EUR HEDGED;UBS AM (EUROPE) S.A;RENTA FIJA INTERNACIONAL;EUR;2;1.02;0.76;100;-0.45;4.66;0.11;2.8;-9.66;3.0077
LU0455550201;UBS (LUX) BOND SICAV-GLOB;UBS (LUX) BOND SICAV-GLOBAL INFLATION-LINKED (USD) P ACC USD;UBS AM (EUROPE) S.A;RENTA FIJA INTERNACIONAL;USD;2;0.97;0.72;100;2.59;-5.39;8.13;1.36;-2.09;3.0496
LU1806346737;ROBECOSAM SDG CREDIT INCO;ROBECO CREDIT INCOME BX DIS USD HEDGED;ROBECO;RENTA FIJA INTERNACIONAL;USD;2;1.21;1;100;-2.55;-9.04;5.18;-1.94;-8.8;2.7626
LU0187076913;ROBECO EMERGING MARKETS E;ROBECO EMERGING MARKETS EQUITIES D EUR;ROBECO;RENTA VARIABLE INTERNACIONAL;EUR;4;1.76;1.5;300;24.48;23.65;11.27;9.93;-16.17;25.9254
LU0269635834;ROBECO EMERGING MARKETS E;ROBECO EMERGING MARKETS EQUITIES D USD;ROBECO;RENTA VARIABLE INTERNACIONAL;USD;4;1.76;1.5;200;24.54;23.99;10.94;9.9;-16.5;28.7803
LU0854930277;ROBECO GLOBAL CONSERVATIV;ROBECO GLOBAL CONSERVATIVE EQUITIES D ACC USD;ROBECO;RENTA VARIABLE INTERNACIONAL;USD;3;1.01;0.8;100;11.71;4.69;19.79;4.87;-3.75;7.5123
LU1260070781;ROBECO GLOBAL PREMIUM EQU;ROBECO GLOBAL PREMIUM EQUITIES D USD HDG ACC;ROBECO;RENTA VARIABLE INTERNACIONAL;USD;4;1.46;1.25;100;15.47;12.09;20.11;9.85;6.5;8.9491
LU2145460353;ROBECO GLOBAL SDG EQUITIE;ROBECO GLOBAL SDG EQUITIES D ACC EUR;ROBECO;RENTA VARIABLE INTERNACIONAL;EUR;4;1.61;1.4;100;10.3;0.08;20.3;12.75;-13.77;9.7928
LU1023061473;BGF EUROPEAN VALUE A2 USD;BGF EUROPEAN VALUE A2 USD HDG ACC;BLACKROCK;RENTA VARIABLE EURO;USD;4;1.81;1.5;5000;12.68;11.95;21.12;12.49;4.41;12.6292
LU0589446532;BSF FIXED INCOME STRATEGI;BLACKROCK ESG FIXED INCOME STRATEGIES A2 CHF HDG ACC;BLACKROCK;RENTA FIJA INTERNACIONAL;CHF;2;1.27;1;5000;-3.7;3.65;-0.47;7.1;3.58;2.0491
LU0313923228;BSF EUROPEAN OPPORTUNITIE;BSF EUROPEAN OPPORTUNITIES EXTENSION STRATEGIES A2 EUR;BLACKROCK;RENTA VARIABLE EURO;EUR;4;1.86;1.5;5000;0.82;5.32;6.26;21.18;-24.64;16.2105
